type,source_path,hub_link,exists,valid,error,size_bytes
summary_json,/Users/russelllicht/bec-dark-matter/analysis/results/lcdm_phase_diagram/summary_lcdm_phase_diagram.json,/Users/russelllicht/bec-dark-matter/bec_rar_identity/artifacts/summaries/analysis/results/lcdm_phase_diagram/summary_lcdm_phase_diagram.json,True,True,,9427
summary_json,/Users/russelllicht/bec-dark-matter/analysis/results/lcdm_phase_diagram_r0p5_5/summary_lcdm_phase_diagram.json,/Users/russelllicht/bec-dark-matter/bec_rar_identity/artifacts/summaries/analysis/results/lcdm_phase_diagram_r0p5_5/summary_lcdm_phase_diagram.json,True,True,,5149
summary_json,/Users/russelllicht/bec-dark-matter/analysis/results/residualization/summary_residualization.json,/Users/russelllicht/bec-dark-matter/bec_rar_identity/artifacts/summaries/analysis/results/residualization/summary_residualization.json,True,True,,8053
summary_json,/Users/russelllicht/bec-dark-matter/analysis/results/summary_alfalfa_yang_btfr.json,/Users/russelllicht/bec-dark-matter/bec_rar_identity/artifacts/summaries/analysis/results/summary_alfalfa_yang_btfr.json,True,True,,6512
summary_json,/Users/russelllicht/bec-dark-matter/analysis/results/summary_alpha_mdyn.json,/Users/russelllicht/bec-dark-matter/bec_rar_identity/artifacts/summaries/analysis/results/summary_alpha_mdyn.json,True,True,,10062
summary_json,/Users/russelllicht/bec-dark-matter/analysis/results/summary_alpha_mtotal.json,/Users/russelllicht/bec-dark-matter/bec_rar_identity/artifacts/summaries/analysis/results/summary_alpha_mtotal.json,True,True,,19984
summary_json,/Users/russelllicht/bec-dark-matter/analysis/results/summary_baryon_wiggle_vs_coherence.json,/Users/russelllicht/bec-dark-matter/bec_rar_identity/artifacts/summaries/analysis/results/summary_baryon_wiggle_vs_coherence.json,True,True,,4384
summary_json,/Users/russelllicht/bec-dark-matter/analysis/results/summary_binning_robustness.json,/Users/russelllicht/bec-dark-matter/bec_rar_identity/artifacts/summaries/analysis/results/summary_binning_robustness.json,True,True,,25067
summary_json,/Users/russelllicht/bec-dark-matter/analysis/results/summary_brouwer_lensing_rar.json,/Users/russelllicht/bec-dark-matter/bec_rar_identity/artifacts/summaries/analysis/results/summary_brouwer_lensing_rar.json,True,True,,4736
summary_json,/Users/russelllicht/bec-dark-matter/analysis/results/summary_cf4_distance_grading.json,/Users/russelllicht/bec-dark-matter/bec_rar_identity/artifacts/summaries/analysis/results/summary_cf4_distance_grading.json,True,True,,15570
summary_json,/Users/russelllicht/bec-dark-matter/analysis/results/summary_cf4_haubner.json,/Users/russelllicht/bec-dark-matter/bec_rar_identity/artifacts/summaries/analysis/results/summary_cf4_haubner.json,True,True,,3277
summary_json,/Users/russelllicht/bec-dark-matter/analysis/results/summary_classical_wave_mimicry.json,/Users/russelllicht/bec-dark-matter/bec_rar_identity/artifacts/summaries/analysis/results/summary_classical_wave_mimicry.json,True,True,,2305
summary_json,/Users/russelllicht/bec-dark-matter/analysis/results/summary_cluster_diagnostics_A2.json,/Users/russelllicht/bec-dark-matter/bec_rar_identity/artifacts/summaries/analysis/results/summary_cluster_diagnostics_A2.json,True,True,,3806
summary_json,/Users/russelllicht/bec-dark-matter/analysis/results/summary_cluster_gcore_A3.json,/Users/russelllicht/bec-dark-matter/bec_rar_identity/artifacts/summaries/analysis/results/summary_cluster_gcore_A3.json,True,True,,7262
summary_json,/Users/russelllicht/bec-dark-matter/analysis/results/summary_cluster_gcore_standardized.json,/Users/russelllicht/bec-dark-matter/bec_rar_identity/artifacts/summaries/analysis/results/summary_cluster_gcore_standardized.json,True,True,,3500
summary_json,/Users/russelllicht/bec-dark-matter/analysis/results/summary_cluster_rar_tian2020.json,/Users/russelllicht/bec-dark-matter/bec_rar_identity/artifacts/summaries/analysis/results/summary_cluster_rar_tian2020.json,True,True,,5026
summary_json,/Users/russelllicht/bec-dark-matter/analysis/results/summary_cluster_scale_rar.json,/Users/russelllicht/bec-dark-matter/bec_rar_identity/artifacts/summaries/analysis/results/summary_cluster_scale_rar.json,True,True,,1657
summary_json,/Users/russelllicht/bec-dark-matter/analysis/results/summary_cluster_sigma_scaling.json,/Users/russelllicht/bec-dark-matter/bec_rar_identity/artifacts/summaries/analysis/results/summary_cluster_sigma_scaling.json,True,True,,7149
summary_json,/Users/russelllicht/bec-dark-matter/analysis/results/summary_distance_catalogs.json,/Users/russelllicht/bec-dark-matter/bec_rar_identity/artifacts/summaries/analysis/results/summary_distance_catalogs.json,True,True,,2408
summary_json,/Users/russelllicht/bec-dark-matter/analysis/results/summary_eagle_injection_recovery.json,/Users/russelllicht/bec-dark-matter/bec_rar_identity/artifacts/summaries/analysis/results/summary_eagle_injection_recovery.json,True,True,,20822
summary_json,/Users/russelllicht/bec-dark-matter/analysis/results/summary_eagle_rar_inversion.json,/Users/russelllicht/bec-dark-matter/bec_rar_identity/artifacts/summaries/analysis/results/summary_eagle_rar_inversion.json,True,True,,2017
summary_json,/Users/russelllicht/bec-dark-matter/analysis/results/summary_eagle_rar_inversion_v2.json,/Users/russelllicht/bec-dark-matter/bec_rar_identity/artifacts/summaries/analysis/results/summary_eagle_rar_inversion_v2.json,True,True,,5001
summary_json,/Users/russelllicht/bec-dark-matter/analysis/results/summary_env_cf4_accel_binned.json,/Users/russelllicht/bec-dark-matter/bec_rar_identity/artifacts/summaries/analysis/results/summary_env_cf4_accel_binned.json,True,True,,15329
summary_json,/Users/russelllicht/bec-dark-matter/analysis/results/summary_env_confound_control.json,/Users/russelllicht/bec-dark-matter/bec_rar_identity/artifacts/summaries/analysis/results/summary_env_confound_control.json,True,True,,10177
summary_json,/Users/russelllicht/bec-dark-matter/analysis/results/summary_env_definitive.json,/Users/russelllicht/bec-dark-matter/bec_rar_identity/artifacts/summaries/analysis/results/summary_env_definitive.json,True,True,,2110
summary_json,/Users/russelllicht/bec-dark-matter/analysis/results/summary_env_triple_distance.json,/Users/russelllicht/bec-dark-matter/bec_rar_identity/artifacts/summaries/analysis/results/summary_env_triple_distance.json,True,True,,14202
summary_json,/Users/russelllicht/bec-dark-matter/analysis/results/summary_expanded_sample.json,/Users/russelllicht/bec-dark-matter/bec_rar_identity/artifacts/summaries/analysis/results/summary_expanded_sample.json,True,True,,1074
summary_json,/Users/russelllicht/bec-dark-matter/analysis/results/summary_extended_rar_inversion.json,/Users/russelllicht/bec-dark-matter/bec_rar_identity/artifacts/summaries/analysis/results/summary_extended_rar_inversion.json,True,True,,53844
summary_json,/Users/russelllicht/bec-dark-matter/analysis/results/summary_forward_model_bunching.json,/Users/russelllicht/bec-dark-matter/bec_rar_identity/artifacts/summaries/analysis/results/summary_forward_model_bunching.json,True,True,,45133
summary_json,/Users/russelllicht/bec-dark-matter/analysis/results/summary_gpp_inversion.json,/Users/russelllicht/bec-dark-matter/bec_rar_identity/artifacts/summaries/analysis/results/summary_gpp_inversion.json,True,True,,1411
summary_json,/Users/russelllicht/bec-dark-matter/analysis/results/summary_gpp_universality.json,/Users/russelllicht/bec-dark-matter/bec_rar_identity/artifacts/summaries/analysis/results/summary_gpp_universality.json,True,True,,2385
summary_json,/Users/russelllicht/bec-dark-matter/analysis/results/summary_healing_length_acf.json,/Users/russelllicht/bec-dark-matter/bec_rar_identity/artifacts/summaries/analysis/results/summary_healing_length_acf.json,True,True,,28631
summary_json,/Users/russelllicht/bec-dark-matter/analysis/results/summary_healing_length_distance_diag.json,/Users/russelllicht/bec-dark-matter/bec_rar_identity/artifacts/summaries/analysis/results/summary_healing_length_distance_diag.json,True,True,,3362
summary_json,/Users/russelllicht/bec-dark-matter/analysis/results/summary_healing_length_kstar.json,/Users/russelllicht/bec-dark-matter/bec_rar_identity/artifacts/summaries/analysis/results/summary_healing_length_kstar.json,True,True,,19447
summary_json,/Users/russelllicht/bec-dark-matter/analysis/results/summary_healing_length_scaling.json,/Users/russelllicht/bec-dark-matter/bec_rar_identity/artifacts/summaries/analysis/results/summary_healing_length_scaling.json,True,True,,31444
summary_json,/Users/russelllicht/bec-dark-matter/analysis/results/summary_hierarchical_healing_length.json,/Users/russelllicht/bec-dark-matter/bec_rar_identity/artifacts/summaries/analysis/results/summary_hierarchical_healing_length.json,True,True,,9706
summary_json,/Users/russelllicht/bec-dark-matter/analysis/results/summary_injection_recovery.json,/Users/russelllicht/bec-dark-matter/bec_rar_identity/artifacts/summaries/analysis/results/summary_injection_recovery.json,True,True,,14116
summary_json,/Users/russelllicht/bec-dark-matter/analysis/results/summary_interface_oscillation.json,/Users/russelllicht/bec-dark-matter/bec_rar_identity/artifacts/summaries/analysis/results/summary_interface_oscillation.json,True,True,,11393
summary_json,/Users/russelllicht/bec-dark-matter/analysis/results/summary_interface_oscillation_controls.json,/Users/russelllicht/bec-dark-matter/bec_rar_identity/artifacts/summaries/analysis/results/summary_interface_oscillation_controls.json,True,True,,6664
summary_json,/Users/russelllicht/bec-dark-matter/analysis/results/summary_interface_oscillation_demeaned.json,/Users/russelllicht/bec-dark-matter/bec_rar_identity/artifacts/summaries/analysis/results/summary_interface_oscillation_demeaned.json,True,True,,19317
summary_json,/Users/russelllicht/bec-dark-matter/analysis/results/summary_interface_spectral_test.json,/Users/russelllicht/bec-dark-matter/bec_rar_identity/artifacts/summaries/analysis/results/summary_interface_spectral_test.json,True,True,,23524
summary_json,/Users/russelllicht/bec-dark-matter/analysis/results/summary_inversion_distance_sensitivity.json,/Users/russelllicht/bec-dark-matter/bec_rar_identity/artifacts/summaries/analysis/results/summary_inversion_distance_sensitivity.json,True,True,,39799
summary_json,/Users/russelllicht/bec-dark-matter/analysis/results/summary_jackknife_robustness.json,/Users/russelllicht/bec-dark-matter/bec_rar_identity/artifacts/summaries/analysis/results/summary_jackknife_robustness.json,True,True,,48240
summary_json,/Users/russelllicht/bec-dark-matter/analysis/results/summary_korsaga_ml_sensitivity.json,/Users/russelllicht/bec-dark-matter/bec_rar_identity/artifacts/summaries/analysis/results/summary_korsaga_ml_sensitivity.json,True,True,,5113
summary_json,/Users/russelllicht/bec-dark-matter/analysis/results/summary_kurtosis_disambiguation.json,/Users/russelllicht/bec-dark-matter/bec_rar_identity/artifacts/summaries/analysis/results/summary_kurtosis_disambiguation.json,True,True,,415
summary_json,/Users/russelllicht/bec-dark-matter/analysis/results/summary_kurtosis_mhongoose.json,/Users/russelllicht/bec-dark-matter/bec_rar_identity/artifacts/summaries/analysis/results/summary_kurtosis_mhongoose.json,True,True,,1236
summary_json,/Users/russelllicht/bec-dark-matter/analysis/results/summary_kurtosis_phase_transition.json,/Users/russelllicht/bec-dark-matter/bec_rar_identity/artifacts/summaries/analysis/results/summary_kurtosis_phase_transition.json,True,True,,25623
summary_json,/Users/russelllicht/bec-dark-matter/analysis/results/summary_lcdm_hydro_inversion.json,/Users/russelllicht/bec-dark-matter/bec_rar_identity/artifacts/summaries/analysis/results/summary_lcdm_hydro_inversion.json,True,True,,1237
summary_json,/Users/russelllicht/bec-dark-matter/analysis/results/summary_lcdm_null_inversion.json,/Users/russelllicht/bec-dark-matter/bec_rar_identity/artifacts/summaries/analysis/results/summary_lcdm_null_inversion.json,True,True,,1634
summary_json,/Users/russelllicht/bec-dark-matter/analysis/results/summary_lensing_profile_shape.json,/Users/russelllicht/bec-dark-matter/bec_rar_identity/artifacts/summaries/analysis/results/summary_lensing_profile_shape.json,True,True,,3144
summary_json,/Users/russelllicht/bec-dark-matter/analysis/results/summary_literature_crossref.json,/Users/russelllicht/bec-dark-matter/bec_rar_identity/artifacts/summaries/analysis/results/summary_literature_crossref.json,True,True,,12190
summary_json,/Users/russelllicht/bec-dark-matter/analysis/results/summary_mass_split_bunching.json,/Users/russelllicht/bec-dark-matter/bec_rar_identity/artifacts/summaries/analysis/results/summary_mass_split_bunching.json,True,True,,4861
summary_json,/Users/russelllicht/bec-dark-matter/analysis/results/summary_matched_analog_comparison.json,/Users/russelllicht/bec-dark-matter/bec_rar_identity/artifacts/summaries/analysis/results/summary_matched_analog_comparison.json,True,True,,6372
summary_json,/Users/russelllicht/bec-dark-matter/analysis/results/summary_mc_distance_and_inversion.json,/Users/russelllicht/bec-dark-matter/bec_rar_identity/artifacts/summaries/analysis/results/summary_mc_distance_and_inversion.json,True,True,,17054
summary_json,/Users/russelllicht/bec-dark-matter/analysis/results/summary_mhongoose_integration.json,/Users/russelllicht/bec-dark-matter/bec_rar_identity/artifacts/summaries/analysis/results/summary_mhongoose_integration.json,True,True,,1047
summary_json,/Users/russelllicht/bec-dark-matter/analysis/results/summary_mhongoose_sorgho2019.json,/Users/russelllicht/bec-dark-matter/bec_rar_identity/artifacts/summaries/analysis/results/summary_mhongoose_sorgho2019.json,True,True,,1692
summary_json,/Users/russelllicht/bec-dark-matter/analysis/results/summary_nonparametric_inversion.json,/Users/russelllicht/bec-dark-matter/bec_rar_identity/artifacts/summaries/analysis/results/summary_nonparametric_inversion.json,True,True,,9801
summary_json,/Users/russelllicht/bec-dark-matter/analysis/results/summary_pathological_galaxies.json,/Users/russelllicht/bec-dark-matter/bec_rar_identity/artifacts/summaries/analysis/results/summary_pathological_galaxies.json,True,True,,8517
summary_json,/Users/russelllicht/bec-dark-matter/analysis/results/summary_periodic_properties_and_scaling.json,/Users/russelllicht/bec-dark-matter/bec_rar_identity/artifacts/summaries/analysis/results/summary_periodic_properties_and_scaling.json,True,True,,16149
summary_json,/Users/russelllicht/bec-dark-matter/analysis/results/summary_phangs_inner_quantum.json,/Users/russelllicht/bec-dark-matter/bec_rar_identity/artifacts/summaries/analysis/results/summary_phangs_inner_quantum.json,True,True,,10821
summary_json,/Users/russelllicht/bec-dark-matter/analysis/results/summary_phase4_unified_adjudication.json,/Users/russelllicht/bec-dark-matter/bec_rar_identity/artifacts/summaries/analysis/results/summary_phase4_unified_adjudication.json,True,True,,6033
summary_json,/Users/russelllicht/bec-dark-matter/analysis/results/summary_phase_diagram_model.json,/Users/russelllicht/bec-dark-matter/bec_rar_identity/artifacts/summaries/analysis/results/summary_phase_diagram_model.json,True,True,,24612
summary_json,/Users/russelllicht/bec-dark-matter/analysis/results/summary_probes_gas_corrected.json,/Users/russelllicht/bec-dark-matter/bec_rar_identity/artifacts/summaries/analysis/results/summary_probes_gas_corrected.json,True,True,,707
summary_json,/Users/russelllicht/bec-dark-matter/analysis/results/summary_probes_inversion_replication.json,/Users/russelllicht/bec-dark-matter/bec_rar_identity/artifacts/summaries/analysis/results/summary_probes_inversion_replication.json,True,True,,3738
summary_json,/Users/russelllicht/bec-dark-matter/analysis/results/summary_propensity_matched_env.json,/Users/russelllicht/bec-dark-matter/bec_rar_identity/artifacts/summaries/analysis/results/summary_propensity_matched_env.json,True,True,,3420
summary_json,/Users/russelllicht/bec-dark-matter/analysis/results/summary_radial_variance_profile.json,/Users/russelllicht/bec-dark-matter/bec_rar_identity/artifacts/summaries/analysis/results/summary_radial_variance_profile.json,True,True,,6609
summary_json,/Users/russelllicht/bec-dark-matter/analysis/results/summary_residual_power_spectrum.json,/Users/russelllicht/bec-dark-matter/bec_rar_identity/artifacts/summaries/analysis/results/summary_residual_power_spectrum.json,True,True,,18763
summary_json,/Users/russelllicht/bec-dark-matter/analysis/results/summary_simulation_coherence.json,/Users/russelllicht/bec-dark-matter/bec_rar_identity/artifacts/summaries/analysis/results/summary_simulation_coherence.json,True,True,,4913
summary_json,/Users/russelllicht/bec-dark-matter/analysis/results/summary_soliton_nfw_composite.json,/Users/russelllicht/bec-dark-matter/bec_rar_identity/artifacts/summaries/analysis/results/summary_soliton_nfw_composite.json,True,True,,155236
summary_json,/Users/russelllicht/bec-dark-matter/analysis/results/summary_sparc_orig_haubner.json,/Users/russelllicht/bec-dark-matter/bec_rar_identity/artifacts/summaries/analysis/results/summary_sparc_orig_haubner.json,True,True,,3283
summary_json,/Users/russelllicht/bec-dark-matter/analysis/results/summary_split_half_replication.json,/Users/russelllicht/bec-dark-matter/bec_rar_identity/artifacts/summaries/analysis/results/summary_split_half_replication.json,True,True,,1586
summary_json,/Users/russelllicht/bec-dark-matter/analysis/results/summary_tf_scatter_redshift.json,/Users/russelllicht/bec-dark-matter/bec_rar_identity/artifacts/summaries/analysis/results/summary_tf_scatter_redshift.json,True,True,,3374
summary_json,/Users/russelllicht/bec-dark-matter/analysis/results/summary_unified.json,/Users/russelllicht/bec-dark-matter/bec_rar_identity/artifacts/summaries/analysis/results/summary_unified.json,True,True,,30848
summary_json,/Users/russelllicht/bec-dark-matter/analysis/results/summary_validate_mhongoose_sparc.json,/Users/russelllicht/bec-dark-matter/bec_rar_identity/artifacts/summaries/analysis/results/summary_validate_mhongoose_sparc.json,True,True,,1066
summary_json,/Users/russelllicht/bec-dark-matter/analysis/results/summary_void_gradient.json,/Users/russelllicht/bec-dark-matter/bec_rar_identity/artifacts/summaries/analysis/results/summary_void_gradient.json,True,True,,3532
summary_json,/Users/russelllicht/bec-dark-matter/analysis/results/summary_wallaby_cf4_nodesi.json,/Users/russelllicht/bec-dark-matter/bec_rar_identity/artifacts/summaries/analysis/results/summary_wallaby_cf4_nodesi.json,True,True,,1254
summary_json,/Users/russelllicht/bec-dark-matter/analysis/results/summary_wallaby_hubble_desi.json,/Users/russelllicht/bec-dark-matter/bec_rar_identity/artifacts/summaries/analysis/results/summary_wallaby_hubble_desi.json,True,True,,726
summary_json,/Users/russelllicht/bec-dark-matter/analysis/results/summary_wallaby_hubble_nodesi.json,/Users/russelllicht/bec-dark-matter/bec_rar_identity/artifacts/summaries/analysis/results/summary_wallaby_hubble_nodesi.json,True,True,,1262
summary_json,/Users/russelllicht/bec-dark-matter/analysis/results/summary_window_matching.json,/Users/russelllicht/bec-dark-matter/bec_rar_identity/artifacts/summaries/analysis/results/summary_window_matching.json,True,True,,43276
summary_json,/Users/russelllicht/bec-dark-matter/analysis/results/tng_sparc_composition_sweep/caliper_0p05/summary_fairness_gap_vs_threshold.json,/Users/russelllicht/bec-dark-matter/bec_rar_identity/artifacts/summaries/analysis/results/tng_sparc_composition_sweep/caliper_0p05/summary_fairness_gap_vs_threshold.json,True,True,,17975
summary_json,/Users/russelllicht/bec-dark-matter/analysis/results/tng_sparc_composition_sweep/caliper_0p10/summary_fairness_gap_vs_threshold.json,/Users/russelllicht/bec-dark-matter/bec_rar_identity/artifacts/summaries/analysis/results/tng_sparc_composition_sweep/caliper_0p10/summary_fairness_gap_vs_threshold.json,True,True,,17982
summary_json,/Users/russelllicht/bec-dark-matter/analysis/results/tng_sparc_composition_sweep/caliper_0p20/summary_fairness_gap_vs_threshold.json,/Users/russelllicht/bec-dark-matter/bec_rar_identity/artifacts/summaries/analysis/results/tng_sparc_composition_sweep/caliper_0p20/summary_fairness_gap_vs_threshold.json,True,True,,17983
summary_json,/Users/russelllicht/bec-dark-matter/analysis/results/tng_sparc_composition_sweep/caliper_0p30/summary_fairness_gap_vs_threshold.json,/Users/russelllicht/bec-dark-matter/bec_rar_identity/artifacts/summaries/analysis/results/tng_sparc_composition_sweep/caliper_0p30/summary_fairness_gap_vs_threshold.json,True,True,,17998
summary_json,/Users/russelllicht/bec-dark-matter/analysis/results/tng_sparc_composition_sweep/summary_fairness_gap_vs_threshold.json,/Users/russelllicht/bec-dark-matter/bec_rar_identity/artifacts/summaries/analysis/results/tng_sparc_composition_sweep/summary_fairness_gap_vs_threshold.json,True,True,,18006
summary_json,/Users/russelllicht/bec-dark-matter/analysis/results/tng_sparc_composition_sweep/summary_tng_sparc_composition_sweep.json,/Users/russelllicht/bec-dark-matter/bec_rar_identity/artifacts/summaries/analysis/results/tng_sparc_composition_sweep/summary_tng_sparc_composition_sweep.json,True,True,,36292
summary_json,/Users/russelllicht/bec-dark-matter/analysis/results_vm/summary_baryon_wiggle_vs_coherence.json,/Users/russelllicht/bec-dark-matter/bec_rar_identity/artifacts/summaries/analysis/results_vm/summary_baryon_wiggle_vs_coherence.json,True,True,,4395
summary_json,/Users/russelllicht/bec-dark-matter/analysis/results_vm/summary_healing_length_acf.json,/Users/russelllicht/bec-dark-matter/bec_rar_identity/artifacts/summaries/analysis/results_vm/summary_healing_length_acf.json,True,True,,28634
summary_json,/Users/russelllicht/bec-dark-matter/analysis/results_vm/summary_healing_length_distance_diag.json,/Users/russelllicht/bec-dark-matter/bec_rar_identity/artifacts/summaries/analysis/results_vm/summary_healing_length_distance_diag.json,True,True,,3360
summary_json,/Users/russelllicht/bec-dark-matter/analysis/results_vm/summary_healing_length_scaling.json,/Users/russelllicht/bec-dark-matter/bec_rar_identity/artifacts/summaries/analysis/results_vm/summary_healing_length_scaling.json,True,True,,31444
summary_json,/Users/russelllicht/bec-dark-matter/analysis/results_vm/summary_interface_oscillation_controls.json,/Users/russelllicht/bec-dark-matter/bec_rar_identity/artifacts/summaries/analysis/results_vm/summary_interface_oscillation_controls.json,True,True,,6666
summary_json,/Users/russelllicht/bec-dark-matter/analysis/results_vm/summary_interface_oscillation_demeaned.json,/Users/russelllicht/bec-dark-matter/bec_rar_identity/artifacts/summaries/analysis/results_vm/summary_interface_oscillation_demeaned.json,True,True,,19322
summary_json,/Users/russelllicht/bec-dark-matter/analysis/results_vm/summary_interface_spectral_test.json,/Users/russelllicht/bec-dark-matter/bec_rar_identity/artifacts/summaries/analysis/results_vm/summary_interface_spectral_test.json,True,True,,23524
summary_json,/Users/russelllicht/bec-dark-matter/outputs/20260223_192210/summary_all.json,/Users/russelllicht/bec-dark-matter/bec_rar_identity/artifacts/summaries/outputs/20260223_192210/summary_all.json,True,True,,222068
summary_json,/Users/russelllicht/bec-dark-matter/outputs/20260223_192210/summary_alpha_star_convergence.json,/Users/russelllicht/bec-dark-matter/bec_rar_identity/artifacts/summaries/outputs/20260223_192210/summary_alpha_star_convergence.json,True,True,,3763
summary_json,/Users/russelllicht/bec-dark-matter/outputs/20260223_192210/summary_dataset_lineage.json,/Users/russelllicht/bec-dark-matter/bec_rar_identity/artifacts/summaries/outputs/20260223_192210/summary_dataset_lineage.json,True,True,,13899
summary_json,/Users/russelllicht/bec-dark-matter/outputs/20260223_192210/summary_mass_matched_phase.json,/Users/russelllicht/bec-dark-matter/bec_rar_identity/artifacts/summaries/outputs/20260223_192210/summary_mass_matched_phase.json,True,True,,953
summary_json,/Users/russelllicht/bec-dark-matter/outputs/20260223_192210/summary_phase_peak_null.json,/Users/russelllicht/bec-dark-matter/bec_rar_identity/artifacts/summaries/outputs/20260223_192210/summary_phase_peak_null.json,True,True,,1141
summary_json,/Users/russelllicht/bec-dark-matter/outputs/20260223_192210/summary_xi_organizing.json,/Users/russelllicht/bec-dark-matter/bec_rar_identity/artifacts/summaries/outputs/20260223_192210/summary_xi_organizing.json,True,True,,54902
summary_json,/Users/russelllicht/bec-dark-matter/rerun_outputs/20260223_190215/summary_alpha_star_convergence.json,/Users/russelllicht/bec-dark-matter/bec_rar_identity/artifacts/summaries/rerun_outputs/20260223_190215/summary_alpha_star_convergence.json,True,True,,81
summary_json,/Users/russelllicht/bec-dark-matter/rerun_outputs/20260223_190215/summary_consistency_checks.json,/Users/russelllicht/bec-dark-matter/bec_rar_identity/artifacts/summaries/rerun_outputs/20260223_190215/summary_consistency_checks.json,True,True,,432
summary_json,/Users/russelllicht/bec-dark-matter/rerun_outputs/20260223_190215/summary_dataset_lineage.json,/Users/russelllicht/bec-dark-matter/bec_rar_identity/artifacts/summaries/rerun_outputs/20260223_190215/summary_dataset_lineage.json,True,True,,126
summary_json,/Users/russelllicht/bec-dark-matter/rerun_outputs/20260223_190215/summary_input_validation.json,/Users/russelllicht/bec-dark-matter/bec_rar_identity/artifacts/summaries/rerun_outputs/20260223_190215/summary_input_validation.json,True,True,,73
summary_json,/Users/russelllicht/bec-dark-matter/rerun_outputs/20260223_190215/summary_mass_matched_phase.json,/Users/russelllicht/bec-dark-matter/bec_rar_identity/artifacts/summaries/rerun_outputs/20260223_190215/summary_mass_matched_phase.json,True,True,,64
summary_json,/Users/russelllicht/bec-dark-matter/rerun_outputs/20260223_190215/summary_phase_peak_null.json,/Users/russelllicht/bec-dark-matter/bec_rar_identity/artifacts/summaries/rerun_outputs/20260223_190215/summary_phase_peak_null.json,True,True,,69
summary_json,/Users/russelllicht/bec-dark-matter/rerun_outputs/20260223_190215/summary_xi_organizing.json,/Users/russelllicht/bec-dark-matter/bec_rar_identity/artifacts/summaries/rerun_outputs/20260223_190215/summary_xi_organizing.json,True,True,,64
summary_json,/Users/russelllicht/bec-dark-matter/rerun_outputs/20260223_190934/summary_alpha_star_convergence.json,/Users/russelllicht/bec-dark-matter/bec_rar_identity/artifacts/summaries/rerun_outputs/20260223_190934/summary_alpha_star_convergence.json,True,True,,81
summary_json,/Users/russelllicht/bec-dark-matter/rerun_outputs/20260223_190934/summary_consistency_checks.json,/Users/russelllicht/bec-dark-matter/bec_rar_identity/artifacts/summaries/rerun_outputs/20260223_190934/summary_consistency_checks.json,True,True,,432
summary_json,/Users/russelllicht/bec-dark-matter/rerun_outputs/20260223_190934/summary_dataset_lineage.json,/Users/russelllicht/bec-dark-matter/bec_rar_identity/artifacts/summaries/rerun_outputs/20260223_190934/summary_dataset_lineage.json,True,True,,126
summary_json,/Users/russelllicht/bec-dark-matter/rerun_outputs/20260223_190934/summary_input_validation.json,/Users/russelllicht/bec-dark-matter/bec_rar_identity/artifacts/summaries/rerun_outputs/20260223_190934/summary_input_validation.json,True,True,,73
summary_json,/Users/russelllicht/bec-dark-matter/rerun_outputs/20260223_190934/summary_mass_matched_phase.json,/Users/russelllicht/bec-dark-matter/bec_rar_identity/artifacts/summaries/rerun_outputs/20260223_190934/summary_mass_matched_phase.json,True,True,,64
summary_json,/Users/russelllicht/bec-dark-matter/rerun_outputs/20260223_190934/summary_phase_peak_null.json,/Users/russelllicht/bec-dark-matter/bec_rar_identity/artifacts/summaries/rerun_outputs/20260223_190934/summary_phase_peak_null.json,True,True,,69
summary_json,/Users/russelllicht/bec-dark-matter/rerun_outputs/20260223_190934/summary_xi_organizing.json,/Users/russelllicht/bec-dark-matter/bec_rar_identity/artifacts/summaries/rerun_outputs/20260223_190934/summary_xi_organizing.json,True,True,,64
summary_json,/Users/russelllicht/bec-dark-matter/rerun_outputs/20260223_191129/summary_dataset_lineage.json,/Users/russelllicht/bec-dark-matter/bec_rar_identity/artifacts/summaries/rerun_outputs/20260223_191129/summary_dataset_lineage.json,True,True,,38032
summary_json,/Users/russelllicht/bec-dark-matter/rerun_outputs/20260223_191129/summary_input_validation.json,/Users/russelllicht/bec-dark-matter/bec_rar_identity/artifacts/summaries/rerun_outputs/20260223_191129/summary_input_validation.json,True,True,,1254
summary_json,/Users/russelllicht/bec-dark-matter/rerun_outputs/20260223_191129/summary_mass_matched_phase.json,/Users/russelllicht/bec-dark-matter/bec_rar_identity/artifacts/summaries/rerun_outputs/20260223_191129/summary_mass_matched_phase.json,True,True,,1796
summary_json,/Users/russelllicht/bec-dark-matter/rerun_outputs/20260223_191129/summary_phase_peak_null.json,/Users/russelllicht/bec-dark-matter/bec_rar_identity/artifacts/summaries/rerun_outputs/20260223_191129/summary_phase_peak_null.json,True,True,,162526
summary_json,/Users/russelllicht/bec-dark-matter/rerun_outputs/20260223_191129/summary_xi_organizing.json,/Users/russelllicht/bec-dark-matter/bec_rar_identity/artifacts/summaries/rerun_outputs/20260223_191129/summary_xi_organizing.json,True,True,,55249
summary_json,/Users/russelllicht/bec-dark-matter/rerun_outputs/20260223_203407/summary_alpha_star_convergence.json,/Users/russelllicht/bec-dark-matter/bec_rar_identity/artifacts/summaries/rerun_outputs/20260223_203407/summary_alpha_star_convergence.json,True,True,,5542
summary_json,/Users/russelllicht/bec-dark-matter/rerun_outputs/20260223_203407/summary_consistency_checks.json,/Users/russelllicht/bec-dark-matter/bec_rar_identity/artifacts/summaries/rerun_outputs/20260223_203407/summary_consistency_checks.json,True,True,,3121
summary_json,/Users/russelllicht/bec-dark-matter/rerun_outputs/20260223_203407/summary_dataset_lineage.json,/Users/russelllicht/bec-dark-matter/bec_rar_identity/artifacts/summaries/rerun_outputs/20260223_203407/summary_dataset_lineage.json,True,True,,38032
summary_json,/Users/russelllicht/bec-dark-matter/rerun_outputs/20260223_203407/summary_input_validation.json,/Users/russelllicht/bec-dark-matter/bec_rar_identity/artifacts/summaries/rerun_outputs/20260223_203407/summary_input_validation.json,True,True,,1254
summary_json,/Users/russelllicht/bec-dark-matter/rerun_outputs/20260223_203407/summary_mass_matched_phase.json,/Users/russelllicht/bec-dark-matter/bec_rar_identity/artifacts/summaries/rerun_outputs/20260223_203407/summary_mass_matched_phase.json,True,True,,1796
summary_json,/Users/russelllicht/bec-dark-matter/rerun_outputs/20260223_203407/summary_phase_peak_null.json,/Users/russelllicht/bec-dark-matter/bec_rar_identity/artifacts/summaries/rerun_outputs/20260223_203407/summary_phase_peak_null.json,True,True,,162526
summary_json,/Users/russelllicht/bec-dark-matter/rerun_outputs/20260223_203407/summary_xi_organizing.json,/Users/russelllicht/bec-dark-matter/bec_rar_identity/artifacts/summaries/rerun_outputs/20260223_203407/summary_xi_organizing.json,True,True,,55249
figures,/Users/russelllicht/bec-dark-matter/analysis/results/alpha_mdyn_vflat.png,/Users/russelllicht/bec-dark-matter/bec_rar_identity/artifacts/figures/analysis/results/alpha_mdyn_vflat.png,True,True,,126546
figures,/Users/russelllicht/bec-dark-matter/analysis/results/alpha_mstar_vs_mtotal.png,/Users/russelllicht/bec-dark-matter/bec_rar_identity/artifacts/figures/analysis/results/alpha_mstar_vs_mtotal.png,True,True,,119712
figures,/Users/russelllicht/bec-dark-matter/analysis/results/cluster_gcore_analysis.png,/Users/russelllicht/bec-dark-matter/bec_rar_identity/artifacts/figures/analysis/results/cluster_gcore_analysis.png,True,True,,319542
figures,/Users/russelllicht/bec-dark-matter/analysis/results/cluster_gcore_standardized.png,/Users/russelllicht/bec-dark-matter/bec_rar_identity/artifacts/figures/analysis/results/cluster_gcore_standardized.png,True,True,,311354
figures,/Users/russelllicht/bec-dark-matter/analysis/results/cluster_sigma_diagnostics.png,/Users/russelllicht/bec-dark-matter/bec_rar_identity/artifacts/figures/analysis/results/cluster_sigma_diagnostics.png,True,True,,333599
figures,/Users/russelllicht/bec-dark-matter/analysis/results/cluster_sigma_vs_gdagger.png,/Users/russelllicht/bec-dark-matter/bec_rar_identity/artifacts/figures/analysis/results/cluster_sigma_vs_gdagger.png,True,True,,144094
figures,/Users/russelllicht/bec-dark-matter/analysis/results/gpp_corrected/plot_A_cs2_profiles.png,/Users/russelllicht/bec-dark-matter/bec_rar_identity/artifacts/figures/analysis/results/gpp_corrected/plot_A_cs2_profiles.png,True,True,,264758
figures,/Users/russelllicht/bec-dark-matter/analysis/results/gpp_corrected/plot_B_universality.png,/Users/russelllicht/bec-dark-matter/bec_rar_identity/artifacts/figures/analysis/results/gpp_corrected/plot_B_universality.png,True,True,,140764
figures,/Users/russelllicht/bec-dark-matter/analysis/results/gpp_corrected/plot_C_cs2_distribution.png,/Users/russelllicht/bec-dark-matter/bec_rar_identity/artifacts/figures/analysis/results/gpp_corrected/plot_C_cs2_distribution.png,True,True,,106723
figures,/Users/russelllicht/bec-dark-matter/analysis/results/gpp_corrected/plot_D_tf_validity.png,/Users/russelllicht/bec-dark-matter/bec_rar_identity/artifacts/figures/analysis/results/gpp_corrected/plot_D_tf_validity.png,True,True,,289945
figures,/Users/russelllicht/bec-dark-matter/analysis/results/gpp_corrected/plot_E_subsample_comparison.png,/Users/russelllicht/bec-dark-matter/bec_rar_identity/artifacts/figures/analysis/results/gpp_corrected/plot_E_subsample_comparison.png,True,True,,168872
figures,/Users/russelllicht/bec-dark-matter/analysis/results/gpp_universality/gpp_universality_3phase.png,/Users/russelllicht/bec-dark-matter/bec_rar_identity/artifacts/figures/analysis/results/gpp_universality/gpp_universality_3phase.png,True,True,,403160
figures,/Users/russelllicht/bec-dark-matter/analysis/results/injection_recovery_power.png,/Users/russelllicht/bec-dark-matter/bec_rar_identity/artifacts/figures/analysis/results/injection_recovery_power.png,True,True,,527394
figures,/Users/russelllicht/bec-dark-matter/analysis/results/lcdm_phase_diagram/plot_a_variance_vs_gbar.png,/Users/russelllicht/bec-dark-matter/bec_rar_identity/artifacts/figures/analysis/results/lcdm_phase_diagram/plot_a_variance_vs_gbar.png,True,True,,157398
figures,/Users/russelllicht/bec-dark-matter/analysis/results/lcdm_phase_diagram/plot_b_window_sweep_stability.png,/Users/russelllicht/bec-dark-matter/bec_rar_identity/artifacts/figures/analysis/results/lcdm_phase_diagram/plot_b_window_sweep_stability.png,True,True,,53443
figures,/Users/russelllicht/bec-dark-matter/analysis/results/lcdm_phase_diagram/plot_c_permutation_null.png,/Users/russelllicht/bec-dark-matter/bec_rar_identity/artifacts/figures/analysis/results/lcdm_phase_diagram/plot_c_permutation_null.png,True,True,,72886
figures,/Users/russelllicht/bec-dark-matter/analysis/results/lcdm_phase_diagram_r0p5_5/plot_a_variance_vs_gbar.png,/Users/russelllicht/bec-dark-matter/bec_rar_identity/artifacts/figures/analysis/results/lcdm_phase_diagram_r0p5_5/plot_a_variance_vs_gbar.png,True,True,,160185
figures,/Users/russelllicht/bec-dark-matter/analysis/results/lcdm_phase_diagram_r0p5_5/plot_b_window_sweep_stability.png,/Users/russelllicht/bec-dark-matter/bec_rar_identity/artifacts/figures/analysis/results/lcdm_phase_diagram_r0p5_5/plot_b_window_sweep_stability.png,True,True,,90631
figures,/Users/russelllicht/bec-dark-matter/analysis/results/lcdm_phase_diagram_r0p5_5/plot_c_permutation_null.png,/Users/russelllicht/bec-dark-matter/bec_rar_identity/artifacts/figures/analysis/results/lcdm_phase_diagram_r0p5_5/plot_c_permutation_null.png,True,True,,81432
figures,/Users/russelllicht/bec-dark-matter/analysis/results/radial_variance_profile.png,/Users/russelllicht/bec-dark-matter/bec_rar_identity/artifacts/figures/analysis/results/radial_variance_profile.png,True,True,,227505
figures,/Users/russelllicht/bec-dark-matter/analysis/results/radial_variance_rescaled.png,/Users/russelllicht/bec-dark-matter/bec_rar_identity/artifacts/figures/analysis/results/radial_variance_rescaled.png,True,True,,139493
figures,/Users/russelllicht/bec-dark-matter/analysis/results/residualization/plot_A_raw_vs_residualized_targets.png,/Users/russelllicht/bec-dark-matter/bec_rar_identity/artifacts/figures/analysis/results/residualization/plot_A_raw_vs_residualized_targets.png,True,True,,434058
figures,/Users/russelllicht/bec-dark-matter/analysis/results/residualization/plot_B_confound_r2_bar_chart.png,/Users/russelllicht/bec-dark-matter/bec_rar_identity/artifacts/figures/analysis/results/residualization/plot_B_confound_r2_bar_chart.png,True,True,,55839
figures,/Users/russelllicht/bec-dark-matter/analysis/results/residualization/plot_C_signal_recovery_delta_R2.png,/Users/russelllicht/bec-dark-matter/bec_rar_identity/artifacts/figures/analysis/results/residualization/plot_C_signal_recovery_delta_R2.png,True,True,,41037
figures,/Users/russelllicht/bec-dark-matter/analysis/results/residualization/plot_D_acf_lag1_env_histograms.png,/Users/russelllicht/bec-dark-matter/bec_rar_identity/artifacts/figures/analysis/results/residualization/plot_D_acf_lag1_env_histograms.png,True,True,,46974
figures,/Users/russelllicht/bec-dark-matter/analysis/results/scale_hierarchy/fig_scale_map.png,/Users/russelllicht/bec-dark-matter/bec_rar_identity/artifacts/figures/analysis/results/scale_hierarchy/fig_scale_map.png,True,True,,116852
figures,/Users/russelllicht/bec-dark-matter/analysis/results/self_consistent_mass.png,/Users/russelllicht/bec-dark-matter/bec_rar_identity/artifacts/figures/analysis/results/self_consistent_mass.png,True,True,,159647
figures,/Users/russelllicht/bec-dark-matter/analysis/results/simulation_coherence_acf.png,/Users/russelllicht/bec-dark-matter/bec_rar_identity/artifacts/figures/analysis/results/simulation_coherence_acf.png,True,True,,286227
figures,/Users/russelllicht/bec-dark-matter/analysis/results/simulation_coherence_periodicity.png,/Users/russelllicht/bec-dark-matter/bec_rar_identity/artifacts/figures/analysis/results/simulation_coherence_periodicity.png,True,True,,236554
figures,/Users/russelllicht/bec-dark-matter/analysis/results/simulation_coherence_summary.png,/Users/russelllicht/bec-dark-matter/bec_rar_identity/artifacts/figures/analysis/results/simulation_coherence_summary.png,True,True,,312818
figures,/Users/russelllicht/bec-dark-matter/analysis/results/test7_transition_function.png,/Users/russelllicht/bec-dark-matter/bec_rar_identity/artifacts/figures/analysis/results/test7_transition_function.png,True,True,,114374
figures,/Users/russelllicht/bec-dark-matter/analysis/results/test8_boson_bunching.png,/Users/russelllicht/bec-dark-matter/bec_rar_identity/artifacts/figures/analysis/results/test8_boson_bunching.png,True,True,,108307
figures,/Users/russelllicht/bec-dark-matter/analysis/results/test9_kross_redshift_evolution.png,/Users/russelllicht/bec-dark-matter/bec_rar_identity/artifacts/figures/analysis/results/test9_kross_redshift_evolution.png,True,True,,246833
figures,/Users/russelllicht/bec-dark-matter/analysis/results/tng_sparc_composition_sweep/TNG_RAR_3000x50_SOFT1p5_RUN201626_VERIFIED/fairness_best_effect_vs_threshold.png,/Users/russelllicht/bec-dark-matter/bec_rar_identity/artifacts/figures/analysis/results/tng_sparc_composition_sweep/TNG_RAR_3000x50_SOFT1p5_RUN201626_VERIFIED/fairness_best_effect_vs_threshold.png,True,True,,98987
figures,/Users/russelllicht/bec-dark-matter/analysis/results/tng_sparc_composition_sweep/TNG_RAR_3000x50_SOFT1p5_RUN201626_VERIFIED/fairness_best_ratio_vs_threshold.png,/Users/russelllicht/bec-dark-matter/bec_rar_identity/artifacts/figures/analysis/results/tng_sparc_composition_sweep/TNG_RAR_3000x50_SOFT1p5_RUN201626_VERIFIED/fairness_best_ratio_vs_threshold.png,True,True,,103486
figures,/Users/russelllicht/bec-dark-matter/analysis/results/tng_sparc_composition_sweep/TNG_RAR_3000x50_SOFT1p5_RUN201626_VERIFIED/outputs/tng_sparc_composition_sweep/fairness_best_effect_vs_threshold.png,/Users/russelllicht/bec-dark-matter/bec_rar_identity/artifacts/figures/analysis/results/tng_sparc_composition_sweep/TNG_RAR_3000x50_SOFT1p5_RUN201626_VERIFIED/outputs/tng_sparc_composition_sweep/fairness_best_effect_vs_threshold.png,True,True,,107487
figures,/Users/russelllicht/bec-dark-matter/analysis/results/tng_sparc_composition_sweep/TNG_RAR_3000x50_SOFT1p5_RUN201626_VERIFIED/outputs/tng_sparc_composition_sweep/fairness_best_ratio_vs_threshold.png,/Users/russelllicht/bec-dark-matter/bec_rar_identity/artifacts/figures/analysis/results/tng_sparc_composition_sweep/TNG_RAR_3000x50_SOFT1p5_RUN201626_VERIFIED/outputs/tng_sparc_composition_sweep/fairness_best_ratio_vs_threshold.png,True,True,,109071
figures,/Users/russelllicht/bec-dark-matter/analysis/results/tng_sparc_composition_sweep/TNG_RAR_3000x50_SOFT1p5_RUN201626_VERIFIED/outputs/tng_sparc_composition_sweep/fairness_score_heatmaps_by_threshold.png,/Users/russelllicht/bec-dark-matter/bec_rar_identity/artifacts/figures/analysis/results/tng_sparc_composition_sweep/TNG_RAR_3000x50_SOFT1p5_RUN201626_VERIFIED/outputs/tng_sparc_composition_sweep/fairness_score_heatmaps_by_threshold.png,True,True,,56764
figures,/Users/russelllicht/bec-dark-matter/analysis/results/tng_sparc_composition_sweep/caliper_0p05/fairness_best_effect_vs_threshold.png,/Users/russelllicht/bec-dark-matter/bec_rar_identity/artifacts/figures/analysis/results/tng_sparc_composition_sweep/caliper_0p05/fairness_best_effect_vs_threshold.png,True,True,,62149
figures,/Users/russelllicht/bec-dark-matter/analysis/results/tng_sparc_composition_sweep/caliper_0p05/fairness_best_ratio_vs_threshold.png,/Users/russelllicht/bec-dark-matter/bec_rar_identity/artifacts/figures/analysis/results/tng_sparc_composition_sweep/caliper_0p05/fairness_best_ratio_vs_threshold.png,True,True,,78485
figures,/Users/russelllicht/bec-dark-matter/analysis/results/tng_sparc_composition_sweep/caliper_0p05/fairness_score_heatmaps_by_threshold.png,/Users/russelllicht/bec-dark-matter/bec_rar_identity/artifacts/figures/analysis/results/tng_sparc_composition_sweep/caliper_0p05/fairness_score_heatmaps_by_threshold.png,True,True,,104960
figures,/Users/russelllicht/bec-dark-matter/analysis/results/tng_sparc_composition_sweep/caliper_0p10/fairness_best_effect_vs_threshold.png,/Users/russelllicht/bec-dark-matter/bec_rar_identity/artifacts/figures/analysis/results/tng_sparc_composition_sweep/caliper_0p10/fairness_best_effect_vs_threshold.png,True,True,,60635
figures,/Users/russelllicht/bec-dark-matter/analysis/results/tng_sparc_composition_sweep/caliper_0p10/fairness_best_ratio_vs_threshold.png,/Users/russelllicht/bec-dark-matter/bec_rar_identity/artifacts/figures/analysis/results/tng_sparc_composition_sweep/caliper_0p10/fairness_best_ratio_vs_threshold.png,True,True,,80632
figures,/Users/russelllicht/bec-dark-matter/analysis/results/tng_sparc_composition_sweep/caliper_0p10/fairness_score_heatmaps_by_threshold.png,/Users/russelllicht/bec-dark-matter/bec_rar_identity/artifacts/figures/analysis/results/tng_sparc_composition_sweep/caliper_0p10/fairness_score_heatmaps_by_threshold.png,True,True,,110887
figures,/Users/russelllicht/bec-dark-matter/analysis/results/tng_sparc_composition_sweep/caliper_0p20/fairness_best_effect_vs_threshold.png,/Users/russelllicht/bec-dark-matter/bec_rar_identity/artifacts/figures/analysis/results/tng_sparc_composition_sweep/caliper_0p20/fairness_best_effect_vs_threshold.png,True,True,,63657
figures,/Users/russelllicht/bec-dark-matter/analysis/results/tng_sparc_composition_sweep/caliper_0p20/fairness_best_ratio_vs_threshold.png,/Users/russelllicht/bec-dark-matter/bec_rar_identity/artifacts/figures/analysis/results/tng_sparc_composition_sweep/caliper_0p20/fairness_best_ratio_vs_threshold.png,True,True,,82605
figures,/Users/russelllicht/bec-dark-matter/analysis/results/tng_sparc_composition_sweep/caliper_0p20/fairness_score_heatmaps_by_threshold.png,/Users/russelllicht/bec-dark-matter/bec_rar_identity/artifacts/figures/analysis/results/tng_sparc_composition_sweep/caliper_0p20/fairness_score_heatmaps_by_threshold.png,True,True,,108906
figures,/Users/russelllicht/bec-dark-matter/analysis/results/tng_sparc_composition_sweep/caliper_0p30/fairness_best_effect_vs_threshold.png,/Users/russelllicht/bec-dark-matter/bec_rar_identity/artifacts/figures/analysis/results/tng_sparc_composition_sweep/caliper_0p30/fairness_best_effect_vs_threshold.png,True,True,,65019
figures,/Users/russelllicht/bec-dark-matter/analysis/results/tng_sparc_composition_sweep/caliper_0p30/fairness_best_ratio_vs_threshold.png,/Users/russelllicht/bec-dark-matter/bec_rar_identity/artifacts/figures/analysis/results/tng_sparc_composition_sweep/caliper_0p30/fairness_best_ratio_vs_threshold.png,True,True,,75360
figures,/Users/russelllicht/bec-dark-matter/analysis/results/tng_sparc_composition_sweep/caliper_0p30/fairness_score_heatmaps_by_threshold.png,/Users/russelllicht/bec-dark-matter/bec_rar_identity/artifacts/figures/analysis/results/tng_sparc_composition_sweep/caliper_0p30/fairness_score_heatmaps_by_threshold.png,True,True,,121475
figures,/Users/russelllicht/bec-dark-matter/analysis/results/tng_sparc_composition_sweep/fairness_best_effect_vs_threshold.png,/Users/russelllicht/bec-dark-matter/bec_rar_identity/artifacts/figures/analysis/results/tng_sparc_composition_sweep/fairness_best_effect_vs_threshold.png,True,True,,63657
figures,/Users/russelllicht/bec-dark-matter/analysis/results/tng_sparc_composition_sweep/fairness_best_ratio_vs_threshold.png,/Users/russelllicht/bec-dark-matter/bec_rar_identity/artifacts/figures/analysis/results/tng_sparc_composition_sweep/fairness_best_ratio_vs_threshold.png,True,True,,82605
figures,/Users/russelllicht/bec-dark-matter/analysis/results/tng_sparc_composition_sweep/fairness_score_heatmaps_by_threshold.png,/Users/russelllicht/bec-dark-matter/bec_rar_identity/artifacts/figures/analysis/results/tng_sparc_composition_sweep/fairness_score_heatmaps_by_threshold.png,True,True,,108906
figures,/Users/russelllicht/bec-dark-matter/outputs/20260223_192210/figures/fig_alpha_star.png,/Users/russelllicht/bec-dark-matter/bec_rar_identity/artifacts/figures/outputs/20260223_192210/figures/fig_alpha_star.png,True,True,,51397
figures,/Users/russelllicht/bec-dark-matter/outputs/20260223_192210/figures/fig_mass_matched_phase.png,/Users/russelllicht/bec-dark-matter/bec_rar_identity/artifacts/figures/outputs/20260223_192210/figures/fig_mass_matched_phase.png,True,True,,81582
figures,/Users/russelllicht/bec-dark-matter/outputs/20260223_192210/figures/fig_phase_null.png,/Users/russelllicht/bec-dark-matter/bec_rar_identity/artifacts/figures/outputs/20260223_192210/figures/fig_phase_null.png,True,True,,85243
figures,/Users/russelllicht/bec-dark-matter/outputs/20260223_192210/figures/fig_xi_organizing.png,/Users/russelllicht/bec-dark-matter/bec_rar_identity/artifacts/figures/outputs/20260223_192210/figures/fig_xi_organizing.png,True,True,,179493
figures,/Users/russelllicht/bec-dark-matter/outputs/universality_audit/plot_alpha_beta_sweeps.png,/Users/russelllicht/bec-dark-matter/bec_rar_identity/artifacts/figures/outputs/universality_audit/plot_alpha_beta_sweeps.png,True,True,,107245
figures,/Users/russelllicht/bec-dark-matter/outputs/universality_audit/plot_comparison_compact.png,/Users/russelllicht/bec-dark-matter/bec_rar_identity/artifacts/figures/outputs/universality_audit/plot_comparison_compact.png,True,True,,125747
figures,/Users/russelllicht/bec-dark-matter/outputs/universality_audit/plot_pca_explained_variance.png,/Users/russelllicht/bec-dark-matter/bec_rar_identity/artifacts/figures/outputs/universality_audit/plot_pca_explained_variance.png,True,True,,28597
figures,/Users/russelllicht/bec-dark-matter/outputs/universality_audit/plot_pca_pc1_shape.png,/Users/russelllicht/bec-dark-matter/bec_rar_identity/artifacts/figures/outputs/universality_audit/plot_pca_pc1_shape.png,True,True,,70612
figures,/Users/russelllicht/bec-dark-matter/outputs/universality_audit/plot_shuffle_null_SPARC.png,/Users/russelllicht/bec-dark-matter/bec_rar_identity/artifacts/figures/outputs/universality_audit/plot_shuffle_null_SPARC.png,True,True,,23591
figures,/Users/russelllicht/bec-dark-matter/outputs/universality_audit/plot_shuffle_null_TNG_BIG48133.png,/Users/russelllicht/bec-dark-matter/bec_rar_identity/artifacts/figures/outputs/universality_audit/plot_shuffle_null_TNG_BIG48133.png,True,True,,25809
figures,/Users/russelllicht/bec-dark-matter/outputs/universality_audit/plot_shuffle_null_TNG_DEV3000.png,/Users/russelllicht/bec-dark-matter/bec_rar_identity/artifacts/figures/outputs/universality_audit/plot_shuffle_null_TNG_DEV3000.png,True,True,,24952
figures,/Users/russelllicht/bec-dark-matter/outputs/universality_audit/plot_split_half_SPARC.png,/Users/russelllicht/bec-dark-matter/bec_rar_identity/artifacts/figures/outputs/universality_audit/plot_split_half_SPARC.png,True,True,,49145
figures,/Users/russelllicht/bec-dark-matter/outputs/universality_audit/plot_split_half_TNG_BIG48133.png,/Users/russelllicht/bec-dark-matter/bec_rar_identity/artifacts/figures/outputs/universality_audit/plot_split_half_TNG_BIG48133.png,True,True,,47766
figures,/Users/russelllicht/bec-dark-matter/outputs/universality_audit/plot_split_half_TNG_DEV3000.png,/Users/russelllicht/bec-dark-matter/bec_rar_identity/artifacts/figures/outputs/universality_audit/plot_split_half_TNG_DEV3000.png,True,True,,44740
figures,/Users/russelllicht/bec-dark-matter/rerun_outputs/20260223_190215/fig_alpha_star.png,/Users/russelllicht/bec-dark-matter/bec_rar_identity/artifacts/figures/rerun_outputs/20260223_190215/fig_alpha_star.png,True,True,,21262
figures,/Users/russelllicht/bec-dark-matter/rerun_outputs/20260223_190215/fig_mass_matched_phase.png,/Users/russelllicht/bec-dark-matter/bec_rar_identity/artifacts/figures/rerun_outputs/20260223_190215/fig_mass_matched_phase.png,True,True,,19276
figures,/Users/russelllicht/bec-dark-matter/rerun_outputs/20260223_190215/fig_phase_null.png,/Users/russelllicht/bec-dark-matter/bec_rar_identity/artifacts/figures/rerun_outputs/20260223_190215/fig_phase_null.png,True,True,,17794
figures,/Users/russelllicht/bec-dark-matter/rerun_outputs/20260223_190215/fig_xi_organizing.png,/Users/russelllicht/bec-dark-matter/bec_rar_identity/artifacts/figures/rerun_outputs/20260223_190215/fig_xi_organizing.png,True,True,,17666
figures,/Users/russelllicht/bec-dark-matter/rerun_outputs/20260223_190934/fig_alpha_star.png,/Users/russelllicht/bec-dark-matter/bec_rar_identity/artifacts/figures/rerun_outputs/20260223_190934/fig_alpha_star.png,True,True,,21262
figures,/Users/russelllicht/bec-dark-matter/rerun_outputs/20260223_190934/fig_mass_matched_phase.png,/Users/russelllicht/bec-dark-matter/bec_rar_identity/artifacts/figures/rerun_outputs/20260223_190934/fig_mass_matched_phase.png,True,True,,19276
figures,/Users/russelllicht/bec-dark-matter/rerun_outputs/20260223_190934/fig_phase_null.png,/Users/russelllicht/bec-dark-matter/bec_rar_identity/artifacts/figures/rerun_outputs/20260223_190934/fig_phase_null.png,True,True,,17794
figures,/Users/russelllicht/bec-dark-matter/rerun_outputs/20260223_190934/fig_xi_organizing.png,/Users/russelllicht/bec-dark-matter/bec_rar_identity/artifacts/figures/rerun_outputs/20260223_190934/fig_xi_organizing.png,True,True,,17666
figures,/Users/russelllicht/bec-dark-matter/rerun_outputs/20260223_191129/fig_mass_matched_phase.png,/Users/russelllicht/bec-dark-matter/bec_rar_identity/artifacts/figures/rerun_outputs/20260223_191129/fig_mass_matched_phase.png,True,True,,85881
figures,/Users/russelllicht/bec-dark-matter/rerun_outputs/20260223_191129/fig_phase_null.png,/Users/russelllicht/bec-dark-matter/bec_rar_identity/artifacts/figures/rerun_outputs/20260223_191129/fig_phase_null.png,True,True,,107164
figures,/Users/russelllicht/bec-dark-matter/rerun_outputs/20260223_191129/fig_xi_organizing.png,/Users/russelllicht/bec-dark-matter/bec_rar_identity/artifacts/figures/rerun_outputs/20260223_191129/fig_xi_organizing.png,True,True,,186265
figures,/Users/russelllicht/bec-dark-matter/rerun_outputs/20260223_203407/fig_alpha_star.png,/Users/russelllicht/bec-dark-matter/bec_rar_identity/artifacts/figures/rerun_outputs/20260223_203407/fig_alpha_star.png,True,True,,46768
figures,/Users/russelllicht/bec-dark-matter/rerun_outputs/20260223_203407/fig_mass_matched_phase.png,/Users/russelllicht/bec-dark-matter/bec_rar_identity/artifacts/figures/rerun_outputs/20260223_203407/fig_mass_matched_phase.png,True,True,,85881
figures,/Users/russelllicht/bec-dark-matter/rerun_outputs/20260223_203407/fig_phase_null.png,/Users/russelllicht/bec-dark-matter/bec_rar_identity/artifacts/figures/rerun_outputs/20260223_203407/fig_phase_null.png,True,True,,107164
figures,/Users/russelllicht/bec-dark-matter/rerun_outputs/20260223_203407/fig_xi_organizing.png,/Users/russelllicht/bec-dark-matter/bec_rar_identity/artifacts/figures/rerun_outputs/20260223_203407/fig_xi_organizing.png,True,True,,186265
tables,/Users/russelllicht/bec-dark-matter/analysis/results/composite_per_galaxy.csv,/Users/russelllicht/bec-dark-matter/bec_rar_identity/artifacts/tables/analysis/results/composite_per_galaxy.csv,True,True,,15732
tables,/Users/russelllicht/bec-dark-matter/analysis/results/dataset_lineage_audit.csv,/Users/russelllicht/bec-dark-matter/bec_rar_identity/artifacts/tables/analysis/results/dataset_lineage_audit.csv,True,True,,20483
tables,/Users/russelllicht/bec-dark-matter/analysis/results/dataset_lineage_audit_post_verified.csv,/Users/russelllicht/bec-dark-matter/bec_rar_identity/artifacts/tables/analysis/results/dataset_lineage_audit_post_verified.csv,True,True,,22075
tables,/Users/russelllicht/bec-dark-matter/analysis/results/eagle_matched_analogs.csv,/Users/russelllicht/bec-dark-matter/bec_rar_identity/artifacts/tables/analysis/results/eagle_matched_analogs.csv,True,True,,21760
tables,/Users/russelllicht/bec-dark-matter/analysis/results/galaxy_results_cf4_haubner.csv,/Users/russelllicht/bec-dark-matter/bec_rar_identity/artifacts/tables/analysis/results/galaxy_results_cf4_haubner.csv,True,True,,10576
tables,/Users/russelllicht/bec-dark-matter/analysis/results/galaxy_results_sparc_orig_haubner.csv,/Users/russelllicht/bec-dark-matter/bec_rar_identity/artifacts/tables/analysis/results/galaxy_results_sparc_orig_haubner.csv,True,True,,10562
tables,/Users/russelllicht/bec-dark-matter/analysis/results/galaxy_results_unified.csv,/Users/russelllicht/bec-dark-matter/bec_rar_identity/artifacts/tables/analysis/results/galaxy_results_unified.csv,True,True,,214301
tables,/Users/russelllicht/bec-dark-matter/analysis/results/galaxy_results_wallaby_cf4_nodesi.csv,/Users/russelllicht/bec-dark-matter/bec_rar_identity/artifacts/tables/analysis/results/galaxy_results_wallaby_cf4_nodesi.csv,True,True,,20263
tables,/Users/russelllicht/bec-dark-matter/analysis/results/galaxy_results_wallaby_hubble_desi.csv,/Users/russelllicht/bec-dark-matter/bec_rar_identity/artifacts/tables/analysis/results/galaxy_results_wallaby_hubble_desi.csv,True,True,,20666
tables,/Users/russelllicht/bec-dark-matter/analysis/results/galaxy_results_wallaby_hubble_nodesi.csv,/Users/russelllicht/bec-dark-matter/bec_rar_identity/artifacts/tables/analysis/results/galaxy_results_wallaby_hubble_nodesi.csv,True,True,,20762
tables,/Users/russelllicht/bec-dark-matter/analysis/results/gpp_corrected/galaxy_gpp_results.csv,/Users/russelllicht/bec-dark-matter/bec_rar_identity/artifacts/tables/analysis/results/gpp_corrected/galaxy_gpp_results.csv,True,True,,63743
tables,/Users/russelllicht/bec-dark-matter/analysis/results/gpp_galaxy_cs2_summary.csv,/Users/russelllicht/bec-dark-matter/bec_rar_identity/artifacts/tables/analysis/results/gpp_galaxy_cs2_summary.csv,True,True,,92782
tables,/Users/russelllicht/bec-dark-matter/analysis/results/gpp_pointwise_inversion.csv,/Users/russelllicht/bec-dark-matter/bec_rar_identity/artifacts/tables/analysis/results/gpp_pointwise_inversion.csv,True,True,,1944922
tables,/Users/russelllicht/bec-dark-matter/analysis/results/quality_subsample_results.csv,/Users/russelllicht/bec-dark-matter/bec_rar_identity/artifacts/tables/analysis/results/quality_subsample_results.csv,True,True,,3689
tables,/Users/russelllicht/bec-dark-matter/analysis/results/rar_points_unified.csv,/Users/russelllicht/bec-dark-matter/bec_rar_identity/artifacts/tables/analysis/results/rar_points_unified.csv,True,True,,1165219
tables,/Users/russelllicht/bec-dark-matter/analysis/results/rar_points_wallaby_cf4_nodesi.csv,/Users/russelllicht/bec-dark-matter/bec_rar_identity/artifacts/tables/analysis/results/rar_points_wallaby_cf4_nodesi.csv,True,True,,95996
tables,/Users/russelllicht/bec-dark-matter/analysis/results/rar_points_wallaby_hubble_desi.csv,/Users/russelllicht/bec-dark-matter/bec_rar_identity/artifacts/tables/analysis/results/rar_points_wallaby_hubble_desi.csv,True,True,,95989
tables,/Users/russelllicht/bec-dark-matter/analysis/results/rar_points_wallaby_hubble_nodesi.csv,/Users/russelllicht/bec-dark-matter/bec_rar_identity/artifacts/tables/analysis/results/rar_points_wallaby_hubble_nodesi.csv,True,True,,95989
tables,/Users/russelllicht/bec-dark-matter/analysis/results/residualization/galaxy_residuals.csv,/Users/russelllicht/bec-dark-matter/bec_rar_identity/artifacts/tables/analysis/results/residualization/galaxy_residuals.csv,True,True,,361575
tables,/Users/russelllicht/bec-dark-matter/analysis/results/scale_hierarchy/direction_sanity_pairs.parquet,/Users/russelllicht/bec-dark-matter/bec_rar_identity/artifacts/tables/analysis/results/scale_hierarchy/direction_sanity_pairs.parquet,True,True,,10202
tables,/Users/russelllicht/bec-dark-matter/analysis/results/scale_hierarchy/direction_sanity_summary.csv,/Users/russelllicht/bec-dark-matter/bec_rar_identity/artifacts/tables/analysis/results/scale_hierarchy/direction_sanity_summary.csv,True,True,,870
tables,/Users/russelllicht/bec-dark-matter/analysis/results/scale_hierarchy/galaxy_scale_table.parquet,/Users/russelllicht/bec-dark-matter/bec_rar_identity/artifacts/tables/analysis/results/scale_hierarchy/galaxy_scale_table.parquet,True,True,,1395462
tables,/Users/russelllicht/bec-dark-matter/analysis/results/scale_hierarchy/horse_race_sigma_dm_robust.csv,/Users/russelllicht/bec-dark-matter/bec_rar_identity/artifacts/tables/analysis/results/scale_hierarchy/horse_race_sigma_dm_robust.csv,True,True,,1362
tables,/Users/russelllicht/bec-dark-matter/analysis/results/scale_hierarchy/point_scale_table.parquet,/Users/russelllicht/bec-dark-matter/bec_rar_identity/artifacts/tables/analysis/results/scale_hierarchy/point_scale_table.parquet,True,True,,17427361
tables,/Users/russelllicht/bec-dark-matter/analysis/results/scale_hierarchy/results_scale_hierarchy.parquet,/Users/russelllicht/bec-dark-matter/bec_rar_identity/artifacts/tables/analysis/results/scale_hierarchy/results_scale_hierarchy.parquet,True,True,,1398322
tables,/Users/russelllicht/bec-dark-matter/analysis/results/scale_hierarchy/rs_split_pairs_primary.parquet,/Users/russelllicht/bec-dark-matter/bec_rar_identity/artifacts/tables/analysis/results/scale_hierarchy/rs_split_pairs_primary.parquet,True,True,,3847
tables,/Users/russelllicht/bec-dark-matter/analysis/results/scale_hierarchy/rs_vs_xi_split_by_caliper.csv,/Users/russelllicht/bec-dark-matter/bec_rar_identity/artifacts/tables/analysis/results/scale_hierarchy/rs_vs_xi_split_by_caliper.csv,True,True,,1461
tables,/Users/russelllicht/bec-dark-matter/analysis/results/scale_hierarchy/xi_split_pairs_primary.parquet,/Users/russelllicht/bec-dark-matter/bec_rar_identity/artifacts/tables/analysis/results/scale_hierarchy/xi_split_pairs_primary.parquet,True,True,,4014
tables,/Users/russelllicht/bec-dark-matter/analysis/results/session_recovery/cleanup_executed.csv,/Users/russelllicht/bec-dark-matter/bec_rar_identity/artifacts/tables/analysis/results/session_recovery/cleanup_executed.csv,True,True,,2470
tables,/Users/russelllicht/bec-dark-matter/analysis/results/session_recovery/cleanup_plan.csv,/Users/russelllicht/bec-dark-matter/bec_rar_identity/artifacts/tables/analysis/results/session_recovery/cleanup_plan.csv,True,True,,2494
tables,/Users/russelllicht/bec-dark-matter/analysis/results/session_recovery/organize_remaining_tng_20260223_131820.csv,/Users/russelllicht/bec-dark-matter/bec_rar_identity/artifacts/tables/analysis/results/session_recovery/organize_remaining_tng_20260223_131820.csv,True,True,,1089
tables,/Users/russelllicht/bec-dark-matter/analysis/results/session_recovery/organize_remaining_tng_20260223_132540.csv,/Users/russelllicht/bec-dark-matter/bec_rar_identity/artifacts/tables/analysis/results/session_recovery/organize_remaining_tng_20260223_132540.csv,True,True,,2189
tables,/Users/russelllicht/bec-dark-matter/analysis/results/session_recovery/organize_remaining_tng_20260223_134245.csv,/Users/russelllicht/bec-dark-matter/bec_rar_identity/artifacts/tables/analysis/results/session_recovery/organize_remaining_tng_20260223_134245.csv,True,True,,2429
tables,/Users/russelllicht/bec-dark-matter/analysis/results/session_recovery/organize_remaining_tng_20260223_191411.csv,/Users/russelllicht/bec-dark-matter/bec_rar_identity/artifacts/tables/analysis/results/session_recovery/organize_remaining_tng_20260223_191411.csv,True,True,,3743
tables,/Users/russelllicht/bec-dark-matter/analysis/results/session_recovery/organize_remaining_tng_dryrun_20260223_131411.csv,/Users/russelllicht/bec-dark-matter/bec_rar_identity/artifacts/tables/analysis/results/session_recovery/organize_remaining_tng_dryrun_20260223_131411.csv,True,True,,60
tables,/Users/russelllicht/bec-dark-matter/analysis/results/session_recovery/organize_remaining_tng_dryrun_20260223_131820.csv,/Users/russelllicht/bec-dark-matter/bec_rar_identity/artifacts/tables/analysis/results/session_recovery/organize_remaining_tng_dryrun_20260223_131820.csv,True,True,,1109
tables,/Users/russelllicht/bec-dark-matter/analysis/results/session_recovery/organize_remaining_tng_dryrun_20260223_191411.csv,/Users/russelllicht/bec-dark-matter/bec_rar_identity/artifacts/tables/analysis/results/session_recovery/organize_remaining_tng_dryrun_20260223_191411.csv,True,True,,3763
tables,/Users/russelllicht/bec-dark-matter/analysis/results/session_recovery/quality_cut_reconstruction.csv,/Users/russelllicht/bec-dark-matter/bec_rar_identity/artifacts/tables/analysis/results/session_recovery/quality_cut_reconstruction.csv,True,True,,1456
tables,/Users/russelllicht/bec-dark-matter/analysis/results/session_recovery/registry_runs.csv,/Users/russelllicht/bec-dark-matter/bec_rar_identity/artifacts/tables/analysis/results/session_recovery/registry_runs.csv,True,True,,1806
tables,/Users/russelllicht/bec-dark-matter/analysis/results/session_recovery/selected_ids_catalog.csv,/Users/russelllicht/bec-dark-matter/bec_rar_identity/artifacts/tables/analysis/results/session_recovery/selected_ids_catalog.csv,True,True,,2168947
tables,/Users/russelllicht/bec-dark-matter/analysis/results/tng_matched_analogs.csv,/Users/russelllicht/bec-dark-matter/bec_rar_identity/artifacts/tables/analysis/results/tng_matched_analogs.csv,True,True,,18111
tables,/Users/russelllicht/bec-dark-matter/analysis/results/tng_sparc_composition_sweep/TNG_RAR_3000x50_SOFT1p5_RUN201626_VERIFIED/dataset_lineage_audit.csv,/Users/russelllicht/bec-dark-matter/bec_rar_identity/artifacts/tables/analysis/results/tng_sparc_composition_sweep/TNG_RAR_3000x50_SOFT1p5_RUN201626_VERIFIED/dataset_lineage_audit.csv,True,True,,757
tables,/Users/russelllicht/bec-dark-matter/analysis/results/tng_sparc_composition_sweep/TNG_RAR_3000x50_SOFT1p5_RUN201626_VERIFIED/fairness_gap_vs_threshold.csv,/Users/russelllicht/bec-dark-matter/bec_rar_identity/artifacts/tables/analysis/results/tng_sparc_composition_sweep/TNG_RAR_3000x50_SOFT1p5_RUN201626_VERIFIED/fairness_gap_vs_threshold.csv,True,True,,21193
tables,/Users/russelllicht/bec-dark-matter/analysis/results/tng_sparc_composition_sweep/TNG_RAR_3000x50_SOFT1p5_RUN201626_VERIFIED/fairness_top10_by_mm_score.csv,/Users/russelllicht/bec-dark-matter/bec_rar_identity/artifacts/tables/analysis/results/tng_sparc_composition_sweep/TNG_RAR_3000x50_SOFT1p5_RUN201626_VERIFIED/fairness_top10_by_mm_score.csv,True,True,,3731
tables,/Users/russelllicht/bec-dark-matter/analysis/results/tng_sparc_composition_sweep/bootstrap_ci_best_configs.csv,/Users/russelllicht/bec-dark-matter/bec_rar_identity/artifacts/tables/analysis/results/tng_sparc_composition_sweep/bootstrap_ci_best_configs.csv,True,True,,1209
tables,/Users/russelllicht/bec-dark-matter/analysis/results/tng_sparc_composition_sweep/caliper_0p05/fairness_gap_vs_threshold.csv,/Users/russelllicht/bec-dark-matter/bec_rar_identity/artifacts/tables/analysis/results/tng_sparc_composition_sweep/caliper_0p05/fairness_gap_vs_threshold.csv,True,True,,14235
tables,/Users/russelllicht/bec-dark-matter/analysis/results/tng_sparc_composition_sweep/caliper_0p10/fairness_gap_vs_threshold.csv,/Users/russelllicht/bec-dark-matter/bec_rar_identity/artifacts/tables/analysis/results/tng_sparc_composition_sweep/caliper_0p10/fairness_gap_vs_threshold.csv,True,True,,14237
tables,/Users/russelllicht/bec-dark-matter/analysis/results/tng_sparc_composition_sweep/caliper_0p20/fairness_gap_vs_threshold.csv,/Users/russelllicht/bec-dark-matter/bec_rar_identity/artifacts/tables/analysis/results/tng_sparc_composition_sweep/caliper_0p20/fairness_gap_vs_threshold.csv,True,True,,14185
tables,/Users/russelllicht/bec-dark-matter/analysis/results/tng_sparc_composition_sweep/caliper_0p30/fairness_gap_vs_threshold.csv,/Users/russelllicht/bec-dark-matter/bec_rar_identity/artifacts/tables/analysis/results/tng_sparc_composition_sweep/caliper_0p30/fairness_gap_vs_threshold.csv,True,True,,14229
tables,/Users/russelllicht/bec-dark-matter/analysis/results/tng_sparc_composition_sweep/caliper_sensitivity_best_per_threshold.csv,/Users/russelllicht/bec-dark-matter/bec_rar_identity/artifacts/tables/analysis/results/tng_sparc_composition_sweep/caliper_sensitivity_best_per_threshold.csv,True,True,,6462
tables,/Users/russelllicht/bec-dark-matter/analysis/results/tng_sparc_composition_sweep/caliper_sensitivity_rows.csv,/Users/russelllicht/bec-dark-matter/bec_rar_identity/artifacts/tables/analysis/results/tng_sparc_composition_sweep/caliper_sensitivity_rows.csv,True,True,,54469
tables,/Users/russelllicht/bec-dark-matter/analysis/results/tng_sparc_composition_sweep/caliper_sensitivity_summary.csv,/Users/russelllicht/bec-dark-matter/bec_rar_identity/artifacts/tables/analysis/results/tng_sparc_composition_sweep/caliper_sensitivity_summary.csv,True,True,,587
tables,/Users/russelllicht/bec-dark-matter/analysis/results/tng_sparc_composition_sweep/composition_ranking.csv,/Users/russelllicht/bec-dark-matter/bec_rar_identity/artifacts/tables/analysis/results/tng_sparc_composition_sweep/composition_ranking.csv,True,True,,136697
tables,/Users/russelllicht/bec-dark-matter/analysis/results/tng_sparc_composition_sweep/fairness_gap_vs_threshold.csv,/Users/russelllicht/bec-dark-matter/bec_rar_identity/artifacts/tables/analysis/results/tng_sparc_composition_sweep/fairness_gap_vs_threshold.csv,True,True,,14185
tables,/Users/russelllicht/bec-dark-matter/analysis/results/tng_sparc_composition_sweep/pairfloor30_best_by_caliper.csv,/Users/russelllicht/bec-dark-matter/bec_rar_identity/artifacts/tables/analysis/results/tng_sparc_composition_sweep/pairfloor30_best_by_caliper.csv,True,True,,1535
tables,/Users/russelllicht/bec-dark-matter/analysis/results/tng_sparc_composition_sweep/pairfloor30_best_per_threshold.csv,/Users/russelllicht/bec-dark-matter/bec_rar_identity/artifacts/tables/analysis/results/tng_sparc_composition_sweep/pairfloor30_best_per_threshold.csv,True,True,,5217
tables,/Users/russelllicht/bec-dark-matter/analysis/results/tng_sparc_composition_sweep/pairfloor30_ranking.csv,/Users/russelllicht/bec-dark-matter/bec_rar_identity/artifacts/tables/analysis/results/tng_sparc_composition_sweep/pairfloor30_ranking.csv,True,True,,19026
tables,/Users/russelllicht/bec-dark-matter/analysis/results/trgb_cepheid_subsample.csv,/Users/russelllicht/bec-dark-matter/bec_rar_identity/artifacts/tables/analysis/results/trgb_cepheid_subsample.csv,True,True,,3298
tables,/Users/russelllicht/bec-dark-matter/outputs/20260223_192210/summary_alpha_star_convergence_table.csv,/Users/russelllicht/bec-dark-matter/bec_rar_identity/artifacts/tables/outputs/20260223_192210/summary_alpha_star_convergence_table.csv,True,True,,1317
tables,/Users/russelllicht/bec-dark-matter/outputs/universality_audit/alpha_sweep.csv,/Users/russelllicht/bec-dark-matter/bec_rar_identity/artifacts/tables/outputs/universality_audit/alpha_sweep.csv,True,True,,86882
tables,/Users/russelllicht/bec-dark-matter/outputs/universality_audit/alpha_sweep_SPARC.csv,/Users/russelllicht/bec-dark-matter/bec_rar_identity/artifacts/tables/outputs/universality_audit/alpha_sweep_SPARC.csv,True,True,,44930
tables,/Users/russelllicht/bec-dark-matter/outputs/universality_audit/alpha_sweep_TNG_BIG48133.csv,/Users/russelllicht/bec-dark-matter/bec_rar_identity/artifacts/tables/outputs/universality_audit/alpha_sweep_TNG_BIG48133.csv,True,True,,38280
tables,/Users/russelllicht/bec-dark-matter/outputs/universality_audit/alpha_sweep_TNG_DEV3000.csv,/Users/russelllicht/bec-dark-matter/bec_rar_identity/artifacts/tables/outputs/universality_audit/alpha_sweep_TNG_DEV3000.csv,True,True,,42009
tables,/Users/russelllicht/bec-dark-matter/outputs/universality_audit/beta_sweep.csv,/Users/russelllicht/bec-dark-matter/bec_rar_identity/artifacts/tables/outputs/universality_audit/beta_sweep.csv,True,True,,86802
tables,/Users/russelllicht/bec-dark-matter/outputs/universality_audit/beta_sweep_SPARC.csv,/Users/russelllicht/bec-dark-matter/bec_rar_identity/artifacts/tables/outputs/universality_audit/beta_sweep_SPARC.csv,True,True,,44896
tables,/Users/russelllicht/bec-dark-matter/outputs/universality_audit/beta_sweep_TNG_BIG48133.csv,/Users/russelllicht/bec-dark-matter/bec_rar_identity/artifacts/tables/outputs/universality_audit/beta_sweep_TNG_BIG48133.csv,True,True,,38249
tables,/Users/russelllicht/bec-dark-matter/outputs/universality_audit/beta_sweep_TNG_DEV3000.csv,/Users/russelllicht/bec-dark-matter/bec_rar_identity/artifacts/tables/outputs/universality_audit/beta_sweep_TNG_DEV3000.csv,True,True,,41962
tables,/Users/russelllicht/bec-dark-matter/outputs/universality_audit/boundary_model_summary.csv,/Users/russelllicht/bec-dark-matter/bec_rar_identity/artifacts/tables/outputs/universality_audit/boundary_model_summary.csv,True,True,,1540
tables,/Users/russelllicht/bec-dark-matter/outputs/universality_audit/comparison_compact_table.csv,/Users/russelllicht/bec-dark-matter/bec_rar_identity/artifacts/tables/outputs/universality_audit/comparison_compact_table.csv,True,True,,822
tables,/Users/russelllicht/bec-dark-matter/outputs/universality_audit/controls_duplication.csv,/Users/russelllicht/bec-dark-matter/bec_rar_identity/artifacts/tables/outputs/universality_audit/controls_duplication.csv,True,True,,318
tables,/Users/russelllicht/bec-dark-matter/outputs/universality_audit/controls_duplication_SPARC.csv,/Users/russelllicht/bec-dark-matter/bec_rar_identity/artifacts/tables/outputs/universality_audit/controls_duplication_SPARC.csv,True,True,,166
tables,/Users/russelllicht/bec-dark-matter/outputs/universality_audit/controls_duplication_TNG_BIG48133.csv,/Users/russelllicht/bec-dark-matter/bec_rar_identity/artifacts/tables/outputs/universality_audit/controls_duplication_TNG_BIG48133.csv,True,True,,187
tables,/Users/russelllicht/bec-dark-matter/outputs/universality_audit/controls_duplication_TNG_DEV3000.csv,/Users/russelllicht/bec-dark-matter/bec_rar_identity/artifacts/tables/outputs/universality_audit/controls_duplication_TNG_DEV3000.csv,True,True,,184
tables,/Users/russelllicht/bec-dark-matter/outputs/universality_audit/controls_env_swap.csv,/Users/russelllicht/bec-dark-matter/bec_rar_identity/artifacts/tables/outputs/universality_audit/controls_env_swap.csv,True,True,,103476
tables,/Users/russelllicht/bec-dark-matter/outputs/universality_audit/controls_env_swap_SPARC.csv,/Users/russelllicht/bec-dark-matter/bec_rar_identity/artifacts/tables/outputs/universality_audit/controls_env_swap_SPARC.csv,True,True,,51812
tables,/Users/russelllicht/bec-dark-matter/outputs/universality_audit/controls_env_swap_TNG_BIG48133.csv,/Users/russelllicht/bec-dark-matter/bec_rar_identity/artifacts/tables/outputs/universality_audit/controls_env_swap_TNG_BIG48133.csv,True,True,,61835
tables,/Users/russelllicht/bec-dark-matter/outputs/universality_audit/controls_env_swap_TNG_DEV3000.csv,/Users/russelllicht/bec-dark-matter/bec_rar_identity/artifacts/tables/outputs/universality_audit/controls_env_swap_TNG_DEV3000.csv,True,True,,59365
tables,/Users/russelllicht/bec-dark-matter/outputs/universality_audit/controls_shuffle_null.csv,/Users/russelllicht/bec-dark-matter/bec_rar_identity/artifacts/tables/outputs/universality_audit/controls_shuffle_null.csv,True,True,,74173
tables,/Users/russelllicht/bec-dark-matter/outputs/universality_audit/controls_shuffle_null_SPARC.csv,/Users/russelllicht/bec-dark-matter/bec_rar_identity/artifacts/tables/outputs/universality_audit/controls_shuffle_null_SPARC.csv,True,True,,34762
tables,/Users/russelllicht/bec-dark-matter/outputs/universality_audit/controls_shuffle_null_TNG_BIG48133.csv,/Users/russelllicht/bec-dark-matter/bec_rar_identity/artifacts/tables/outputs/universality_audit/controls_shuffle_null_TNG_BIG48133.csv,True,True,,42040
tables,/Users/russelllicht/bec-dark-matter/outputs/universality_audit/controls_shuffle_null_TNG_DEV3000.csv,/Users/russelllicht/bec-dark-matter/bec_rar_identity/artifacts/tables/outputs/universality_audit/controls_shuffle_null_TNG_DEV3000.csv,True,True,,40789
tables,/Users/russelllicht/bec-dark-matter/outputs/universality_audit/controls_split_half.csv,/Users/russelllicht/bec-dark-matter/bec_rar_identity/artifacts/tables/outputs/universality_audit/controls_split_half.csv,True,True,,12344
tables,/Users/russelllicht/bec-dark-matter/outputs/universality_audit/controls_split_half_SPARC.csv,/Users/russelllicht/bec-dark-matter/bec_rar_identity/artifacts/tables/outputs/universality_audit/controls_split_half_SPARC.csv,True,True,,6083
tables,/Users/russelllicht/bec-dark-matter/outputs/universality_audit/controls_split_half_TNG_BIG48133.csv,/Users/russelllicht/bec-dark-matter/bec_rar_identity/artifacts/tables/outputs/universality_audit/controls_split_half_TNG_BIG48133.csv,True,True,,6777
tables,/Users/russelllicht/bec-dark-matter/outputs/universality_audit/controls_split_half_TNG_DEV3000.csv,/Users/russelllicht/bec-dark-matter/bec_rar_identity/artifacts/tables/outputs/universality_audit/controls_split_half_TNG_DEV3000.csv,True,True,,6687
tables,/Users/russelllicht/bec-dark-matter/outputs/universality_audit/controls_synthetic_injection.csv,/Users/russelllicht/bec-dark-matter/bec_rar_identity/artifacts/tables/outputs/universality_audit/controls_synthetic_injection.csv,True,True,,343953
tables,/Users/russelllicht/bec-dark-matter/outputs/universality_audit/controls_synthetic_injection_SPARC.csv,/Users/russelllicht/bec-dark-matter/bec_rar_identity/artifacts/tables/outputs/universality_audit/controls_synthetic_injection_SPARC.csv,True,True,,179471
tables,/Users/russelllicht/bec-dark-matter/outputs/universality_audit/controls_synthetic_injection_TNG_BIG48133.csv,/Users/russelllicht/bec-dark-matter/bec_rar_identity/artifacts/tables/outputs/universality_audit/controls_synthetic_injection_TNG_BIG48133.csv,True,True,,187134
tables,/Users/russelllicht/bec-dark-matter/outputs/universality_audit/controls_synthetic_injection_TNG_DEV3000.csv,/Users/russelllicht/bec-dark-matter/bec_rar_identity/artifacts/tables/outputs/universality_audit/controls_synthetic_injection_TNG_DEV3000.csv,True,True,,190927
tables,/Users/russelllicht/bec-dark-matter/outputs/universality_audit/df_gal.parquet,/Users/russelllicht/bec-dark-matter/bec_rar_identity/artifacts/tables/outputs/universality_audit/df_gal.parquet,True,True,,400431
tables,/Users/russelllicht/bec-dark-matter/outputs/universality_audit/df_resid.parquet,/Users/russelllicht/bec-dark-matter/bec_rar_identity/artifacts/tables/outputs/universality_audit/df_resid.parquet,True,True,,528112
tables,/Users/russelllicht/bec-dark-matter/outputs/universality_audit/invariant_sweep_summary.csv,/Users/russelllicht/bec-dark-matter/bec_rar_identity/artifacts/tables/outputs/universality_audit/invariant_sweep_summary.csv,True,True,,731
tables,/Users/russelllicht/bec-dark-matter/outputs/universality_audit/pca_loadings.parquet,/Users/russelllicht/bec-dark-matter/bec_rar_identity/artifacts/tables/outputs/universality_audit/pca_loadings.parquet,True,True,,143598
tables,/Users/russelllicht/bec-dark-matter/outputs/universality_audit/pca_pc1_shape.csv,/Users/russelllicht/bec-dark-matter/bec_rar_identity/artifacts/tables/outputs/universality_audit/pca_pc1_shape.csv,True,True,,1891
tables,/Users/russelllicht/bec-dark-matter/outputs/universality_audit/pca_summary.csv,/Users/russelllicht/bec-dark-matter/bec_rar_identity/artifacts/tables/outputs/universality_audit/pca_summary.csv,True,True,,459
tables,/Users/russelllicht/bec-dark-matter/outputs/universality_audit/ratio_regression_summary.csv,/Users/russelllicht/bec-dark-matter/bec_rar_identity/artifacts/tables/outputs/universality_audit/ratio_regression_summary.csv,True,True,,474
tables,/Users/russelllicht/bec-dark-matter/outputs/universality_audit/ratio_residuals.parquet,/Users/russelllicht/bec-dark-matter/bec_rar_identity/artifacts/tables/outputs/universality_audit/ratio_residuals.parquet,True,True,,461005
tables,/Users/russelllicht/bec-dark-matter/outputs/universality_audit/step1_full_big_backup/boundary_model_summary_big_full.csv,/Users/russelllicht/bec-dark-matter/bec_rar_identity/artifacts/tables/outputs/universality_audit/step1_full_big_backup/boundary_model_summary_big_full.csv,True,True,,894
tables,/Users/russelllicht/bec-dark-matter/outputs/universality_audit/step1_full_big_backup/controls_duplication_TNG_BIG48133_big_full.csv,/Users/russelllicht/bec-dark-matter/bec_rar_identity/artifacts/tables/outputs/universality_audit/step1_full_big_backup/controls_duplication_TNG_BIG48133_big_full.csv,True,True,,187
tables,/Users/russelllicht/bec-dark-matter/outputs/universality_audit/step1_full_big_backup/controls_env_swap_TNG_BIG48133_big_full.csv,/Users/russelllicht/bec-dark-matter/bec_rar_identity/artifacts/tables/outputs/universality_audit/step1_full_big_backup/controls_env_swap_TNG_BIG48133_big_full.csv,True,True,,61835
tables,/Users/russelllicht/bec-dark-matter/outputs/universality_audit/step1_full_big_backup/controls_shuffle_null_TNG_BIG48133_big_full.csv,/Users/russelllicht/bec-dark-matter/bec_rar_identity/artifacts/tables/outputs/universality_audit/step1_full_big_backup/controls_shuffle_null_TNG_BIG48133_big_full.csv,True,True,,42040
tables,/Users/russelllicht/bec-dark-matter/outputs/universality_audit/step1_full_big_backup/controls_split_half_TNG_BIG48133_big_full.csv,/Users/russelllicht/bec-dark-matter/bec_rar_identity/artifacts/tables/outputs/universality_audit/step1_full_big_backup/controls_split_half_TNG_BIG48133_big_full.csv,True,True,,6777
tables,/Users/russelllicht/bec-dark-matter/outputs/universality_audit/step1_full_big_backup/controls_synthetic_injection_TNG_BIG48133_big_full.csv,/Users/russelllicht/bec-dark-matter/bec_rar_identity/artifacts/tables/outputs/universality_audit/step1_full_big_backup/controls_synthetic_injection_TNG_BIG48133_big_full.csv,True,True,,187134
tables,/Users/russelllicht/bec-dark-matter/outputs/universality_audit/step1_full_big_backup/invariant_sweep_summary_big_full.csv,/Users/russelllicht/bec-dark-matter/bec_rar_identity/artifacts/tables/outputs/universality_audit/step1_full_big_backup/invariant_sweep_summary_big_full.csv,True,True,,501
tables,/Users/russelllicht/bec-dark-matter/outputs/universality_audit/step1_full_big_backup/pca_summary_big_full.csv,/Users/russelllicht/bec-dark-matter/bec_rar_identity/artifacts/tables/outputs/universality_audit/step1_full_big_backup/pca_summary_big_full.csv,True,True,,307
tables,/Users/russelllicht/bec-dark-matter/outputs/universality_audit/step1_full_big_backup/ratio_regression_summary_big_full.csv,/Users/russelllicht/bec-dark-matter/bec_rar_identity/artifacts/tables/outputs/universality_audit/step1_full_big_backup/ratio_regression_summary_big_full.csv,True,True,,295
markdown,/Users/russelllicht/bec-dark-matter/analysis/results/report_phase4_unified_adjudication.md,/Users/russelllicht/bec-dark-matter/bec_rar_identity/artifacts/markdown/analysis/results/report_phase4_unified_adjudication.md,True,True,,2008
markdown,/Users/russelllicht/bec-dark-matter/analysis/results/scale_hierarchy/scale_map_report.md,/Users/russelllicht/bec-dark-matter/bec_rar_identity/artifacts/markdown/analysis/results/scale_hierarchy/scale_map_report.md,True,True,,1958
markdown,/Users/russelllicht/bec-dark-matter/analysis/results/session_recovery/FINAL_STATUS.md,/Users/russelllicht/bec-dark-matter/bec_rar_identity/artifacts/markdown/analysis/results/session_recovery/FINAL_STATUS.md,True,True,,1697
markdown,/Users/russelllicht/bec-dark-matter/analysis/results/session_recovery/missing_vs_present.md,/Users/russelllicht/bec-dark-matter/bec_rar_identity/artifacts/markdown/analysis/results/session_recovery/missing_vs_present.md,True,True,,2373
markdown,/Users/russelllicht/bec-dark-matter/analysis/results/tng_dataset_versioning_plan.md,/Users/russelllicht/bec-dark-matter/bec_rar_identity/artifacts/markdown/analysis/results/tng_dataset_versioning_plan.md,True,True,,2213
markdown,/Users/russelllicht/bec-dark-matter/analysis/results/tng_sparc_composition_sweep/TNG_RAR_3000x50_SOFT1p5_RUN201626_VERIFIED/outputs/tng_sparc_composition_sweep/fairness_one_page_summary.md,/Users/russelllicht/bec-dark-matter/bec_rar_identity/artifacts/markdown/analysis/results/tng_sparc_composition_sweep/TNG_RAR_3000x50_SOFT1p5_RUN201626_VERIFIED/outputs/tng_sparc_composition_sweep/fairness_one_page_summary.md,True,True,,2367
markdown,/Users/russelllicht/bec-dark-matter/analysis/results/tng_sparc_composition_sweep/caliper_0p05/fairness_one_page_summary.md,/Users/russelllicht/bec-dark-matter/bec_rar_identity/artifacts/markdown/analysis/results/tng_sparc_composition_sweep/caliper_0p05/fairness_one_page_summary.md,True,True,,2186
markdown,/Users/russelllicht/bec-dark-matter/analysis/results/tng_sparc_composition_sweep/caliper_0p10/fairness_one_page_summary.md,/Users/russelllicht/bec-dark-matter/bec_rar_identity/artifacts/markdown/analysis/results/tng_sparc_composition_sweep/caliper_0p10/fairness_one_page_summary.md,True,True,,2181
markdown,/Users/russelllicht/bec-dark-matter/analysis/results/tng_sparc_composition_sweep/caliper_0p20/fairness_one_page_summary.md,/Users/russelllicht/bec-dark-matter/bec_rar_identity/artifacts/markdown/analysis/results/tng_sparc_composition_sweep/caliper_0p20/fairness_one_page_summary.md,True,True,,2192
markdown,/Users/russelllicht/bec-dark-matter/analysis/results/tng_sparc_composition_sweep/caliper_0p30/fairness_one_page_summary.md,/Users/russelllicht/bec-dark-matter/bec_rar_identity/artifacts/markdown/analysis/results/tng_sparc_composition_sweep/caliper_0p30/fairness_one_page_summary.md,True,True,,2197
markdown,/Users/russelllicht/bec-dark-matter/analysis/results/tng_sparc_composition_sweep/caliper_sensitivity_summary.md,/Users/russelllicht/bec-dark-matter/bec_rar_identity/artifacts/markdown/analysis/results/tng_sparc_composition_sweep/caliper_sensitivity_summary.md,True,True,,1580
markdown,/Users/russelllicht/bec-dark-matter/analysis/results/tng_sparc_composition_sweep/fairness_one_page_summary.md,/Users/russelllicht/bec-dark-matter/bec_rar_identity/artifacts/markdown/analysis/results/tng_sparc_composition_sweep/fairness_one_page_summary.md,True,True,,2284
markdown,/Users/russelllicht/bec-dark-matter/docs/reports/summary_rar_tng.md,/Users/russelllicht/bec-dark-matter/bec_rar_identity/artifacts/markdown/docs/reports/summary_rar_tng.md,True,True,,6809
markdown,/Users/russelllicht/bec-dark-matter/outputs/20260223_192210/dataset_lineage.md,/Users/russelllicht/bec-dark-matter/bec_rar_identity/artifacts/markdown/outputs/20260223_192210/dataset_lineage.md,True,True,,4681
markdown,/Users/russelllicht/bec-dark-matter/outputs/20260223_192210/summary_all.md,/Users/russelllicht/bec-dark-matter/bec_rar_identity/artifacts/markdown/outputs/20260223_192210/summary_all.md,True,True,,1655
markdown,/Users/russelllicht/bec-dark-matter/outputs/universality_audit/comparison_compact.md,/Users/russelllicht/bec-dark-matter/bec_rar_identity/artifacts/markdown/outputs/universality_audit/comparison_compact.md,True,True,,1321
markdown,/Users/russelllicht/bec-dark-matter/outputs/universality_audit/project_map.md,/Users/russelllicht/bec-dark-matter/bec_rar_identity/artifacts/markdown/outputs/universality_audit/project_map.md,True,True,,11720
markdown,/Users/russelllicht/bec-dark-matter/outputs/universality_audit/report.md,/Users/russelllicht/bec-dark-matter/bec_rar_identity/artifacts/markdown/outputs/universality_audit/report.md,True,True,,5023
markdown,/Users/russelllicht/bec-dark-matter/outputs/universality_audit/report_unified_full_controls.md,/Users/russelllicht/bec-dark-matter/bec_rar_identity/artifacts/markdown/outputs/universality_audit/report_unified_full_controls.md,True,True,,5023
markdown,/Users/russelllicht/bec-dark-matter/rerun_outputs/20260223_190215/dataset_lineage.md,/Users/russelllicht/bec-dark-matter/bec_rar_identity/artifacts/markdown/rerun_outputs/20260223_190215/dataset_lineage.md,True,True,,57
markdown,/Users/russelllicht/bec-dark-matter/rerun_outputs/20260223_190934/dataset_lineage.md,/Users/russelllicht/bec-dark-matter/bec_rar_identity/artifacts/markdown/rerun_outputs/20260223_190934/dataset_lineage.md,True,True,,57
markdown,/Users/russelllicht/bec-dark-matter/rerun_outputs/20260223_191129/dataset_lineage.md,/Users/russelllicht/bec-dark-matter/bec_rar_identity/artifacts/markdown/rerun_outputs/20260223_191129/dataset_lineage.md,True,True,,3511
markdown,/Users/russelllicht/bec-dark-matter/rerun_outputs/20260223_203407/dataset_lineage.md,/Users/russelllicht/bec-dark-matter/bec_rar_identity/artifacts/markdown/rerun_outputs/20260223_203407/dataset_lineage.md,True,True,,3511
markdown,/Users/russelllicht/bec-dark-matter/rerun_outputs/20260223_203407/summary_rar_tng.md,/Users/russelllicht/bec-dark-matter/bec_rar_identity/artifacts/markdown/rerun_outputs/20260223_203407/summary_rar_tng.md,True,True,,6809
